Test_Name,Test_Suite,Tool,Formula_Size,Solver_Time,Verification_Time,Wall_Time,Result
test_append,tinyvec-arrayvec-aop,kani,1059,0.31557,2.8681133,31.23761510848999,pass
test_append,tinyvec-arrayvec-aop,seahorn,162,0.02,0.05,3.545515537261963,pass
test_clear,tinyvec-arrayvec-aop,kani,131,0.0197646,0.43069416,11.022388458251953,pass
test_clear,tinyvec-arrayvec-aop,seahorn,8,0.0,0.02,3.5424373149871826,pass
test_drain,tinyvec-arrayvec-aop,kani,0,0,0,1809.7980670928955,fail: job error: [jobid=459265] job timed out (1808.970831s > 1800.0s)
test_drain,tinyvec-arrayvec-aop,seahorn,1293,0.19,0.23,24.200315237045288,pass
test_extend_from_slice,tinyvec-arrayvec-aop,kani,337,0.0686765,0.94938964,19.571826457977295,pass
test_extend_from_slice,tinyvec-arrayvec-aop,seahorn,8,0.0,0.02,3.6021478176116943,pass
test_fill,tinyvec-arrayvec-aop,kani,118,0.0665696,0.46566674,10.358357191085815,pass
test_fill,tinyvec-arrayvec-aop,seahorn,76,0.01,0.03,3.5694499015808105,pass
test_from_array_empty,tinyvec-arrayvec-aop,kani,2,0.000970619,0.032238197,9.14221739768982,pass
test_from_array_empty,tinyvec-arrayvec-aop,seahorn,24,0.01,0.02,3.256516456604004,pass
test_from_array_len,tinyvec-arrayvec-aop,kani,7,0.00546332,0.165929,10.051351070404053,pass
test_from_array_len,tinyvec-arrayvec-aop,seahorn,32,0.01,0.03,3.5938048362731934,pass
test_insert,tinyvec-arrayvec-aop,kani,442,0.386493,1.1886452,11.047546625137329,pass
test_insert,tinyvec-arrayvec-aop,seahorn,1695,0.21000000000000002,0.24,3.5693981647491455,pass
test_new,tinyvec-arrayvec-aop,kani,2,0.00112986,0.0382568,9.154167175292969,pass
test_new,tinyvec-arrayvec-aop,seahorn,24,0.01,0.02,3.2631797790527344,pass
test_pop,tinyvec-arrayvec-aop,kani,287,0.0488204,0.5237977,12.126587867736816,pass
test_pop,tinyvec-arrayvec-aop,seahorn,68,0.01,0.03,3.565869092941284,pass
test_push,tinyvec-arrayvec-aop,kani,79,0.0122957,0.17637359,9.1443190574646,pass
test_push,tinyvec-arrayvec-aop,seahorn,43,0.0,0.03,3.591048002243042,pass
test_remove,tinyvec-arrayvec-aop,kani,9627,16.0584,28.209536,40.4208447933197,pass
test_remove,tinyvec-arrayvec-aop,seahorn,6117,2.06,2.18,6.282818078994751,pass
test_resize,tinyvec-arrayvec-aop,kani,689,0.992815,1.7683423,13.330944061279297,pass
test_resize,tinyvec-arrayvec-aop,seahorn,267,0.03,0.06,3.5634186267852783,pass
test_resize_with,tinyvec-arrayvec-aop,kani,689,0.492549,1.7484934,13.3393714427948,pass
test_resize_with,tinyvec-arrayvec-aop,seahorn,267,0.04,0.07,3.581986904144287,pass
test_retain,tinyvec-arrayvec-aop,kani,0,0,0,1801.6554701328278,fail: job error: [jobid=464128] job timed out (1800.119323s > 1800.0s)
test_retain,tinyvec-arrayvec-aop,seahorn,81227,52.35,53.88,109.27217411994934,pass
test_set_len,tinyvec-arrayvec-aop,kani,8,0.00986523,0.5251465,34.4839072227478,pass
test_set_len,tinyvec-arrayvec-aop,seahorn,46,0.0,0.03,4.810739278793335,pass
test_splice,tinyvec-arrayvec-aop,kani,0,0,0,1810.6047854423523,fail: job error: [jobid=465085] job timed out (1809.578388s > 1800.0s)
test_splice,tinyvec-arrayvec-aop,seahorn,80490,156.82,157.85,208.0136706829071,pass
test_split_off,tinyvec-arrayvec-aop,kani,552,0.306114,1.5962996,23.623826503753662,pass
test_split_off,tinyvec-arrayvec-aop,seahorn,146,0.05,0.08,3.6232306957244873,pass
test_swap_remove,tinyvec-arrayvec-aop,kani,1258,0.564319,2.5843616,12.273285865783691,pass
test_swap_remove,tinyvec-arrayvec-aop,seahorn,1930,0.31,0.34,4.004215955734253,pass
test_truncate,tinyvec-arrayvec-aop,kani,95,0.0216986,0.3483745,12.229553461074829,pass
test_truncate,tinyvec-arrayvec-aop,seahorn,66,0.02,0.04,3.609703540802002,pass
test_try_append,tinyvec-arrayvec-aop,kani,1133,0.369707,3.0106392,13.385343313217163,pass
test_try_append,tinyvec-arrayvec-aop,seahorn,160,0.02,0.04,3.60343599319458,pass
test_try_from_array_len,tinyvec-arrayvec-aop,kani,11,0.0108324,0.28904018,11.086512327194214,pass
test_try_from_array_len,tinyvec-arrayvec-aop,seahorn,24,0.0,0.02,3.584118366241455,pass
test_try_insert,tinyvec-arrayvec-aop,kani,457,0.404199,1.2082878,11.075787544250488,pass
test_try_insert,tinyvec-arrayvec-aop,seahorn,1698,0.2,0.24,4.564876079559326,pass
test_try_push,tinyvec-arrayvec-aop,kani,84,0.0112652,0.17856905,12.36963701248169,pass
test_try_push,tinyvec-arrayvec-aop,seahorn,37,0.0,0.03,3.577241897583008,pass
